Budi Santoso,budi.santoso@example.com,081234567890,hash1,owner
Siti Aminah,siti.aminah@example.com,081234567891,hash2,owner
Andi Wijaya,andi.wijaya@example.com,081234567892,hash3,owner
Dewi Laras,dewi.laras@example.com,081234567893,hash3,owner
Raka Pratama,raka.pratama@example.com,081234567894,hash4,owner
Putri Sari,putri.sari@example.com,081234567895,hash4,owner
Budi Utomo,budi.utomo@example.com,081234567896,hash5,owner
Maya Dewi,maya.dewi@example.com,081234567897,hash5,owner
Tommy Setiawan,tommy.setiawan@example.com,081234567898,hash6,owner
Lestari,lestari@example.com,081234567899,hash6,owner
Fandy Putra,fandy.putra@example.com,081234567900,hash7,owner
Gita,gita@example.com,081234567901,hash7,owner
Hans Kim,hans.kim@example.com,081234567902,hash8,owner
Sarah Johnson,sarah.johnson@example.com,081234567903,hash8,owner
Michael Brown,michael.brown@example.com,081234567904,hash9,owner
Emily Davis,emily.davis@example.com,081234567905,hash9,owner
David Wilson,david.wilson@example.com,081234567906,hash10,owner
Lisa Anderson,lisa.anderson@example.com,081234567907,hash10,owner
Chris Lee,chris.lee@example.com,081234567908,hash10,owner
Olivia Taylor,olivia.taylor@example.com,081234567909,hash10,owner